DID,Title,Disruption_Category,Disruption_Sub_Category,Start,End,Geographic_Scope,Industries Affected,Industries Affected.1,Industries Affected.2,Impact_Loss_$B,Disruption_Duration_Months,Disruption_Cost_Per_Month,Severity,Cascading_Impact 1,Cascading_Impact 2,Cascading_Impact 3,Primary_Supply_Chain_Node,Disrupted_KPI 1,Disrupted_KPI 2,Disrupted_KPI 3,Response_Adaptation_Strategy,Intrinsic_Challenge 1,Intrinsic_Challenge 2,Intrinsic_Challenge 3,Intrinsic_Challenge 4,Resilience_Dimension,Tech_Enabler,Tech_Enabler.1,Blockchain_Solution,AI_Solution,Cascade_Pattern,Early_Warning_Signals,Resilience_Strategy (Agentic AI + Blockchain),Primary_Intrinsic_Challenge,Primary_KPIs_Affected,Reference
1,Mongol Empire Trade Route Control,Geopolitical,Route Control,1200,1300,Asia-Europe,Trade,Transportation,,850,1200,0.708333333,3,Route reconfiguration,,,Trade Routes,Throughput,Transit Time,,Alternative routes;camel caravans,Complexity & Interdependence,Coordination & Collaboration,,,Operational Continuity,Digital twin route simulation,Digital Twin,0,0,Route Closure & Regulatory Shock → Lead-time spikes → Allocation rationing → Bullwhip amplification across tiers,Forecast error spikes | Lead-time variance increase | Service-level dips,"Compliance oracles (sanctions, export control) gating transactions on-chain | Tokenized inventory & capacity auctions among approved partners | Multi-sourcing agent negotiation with on-chain supplier reputation scores | On-chain supplier & lane attestation (quality, ESG, certifications) with real-time oracle feeds | Sentinel agents for anomaly & drift detection on IoT/ERP/TMS streams | Digital twin + simulation agents for cascade prediction and recovery planning | Smart-contract playbooks for rerouting, re-sourcing, and SLA-based compensation | Ledger-anchored KPI telemetry (OTIF, dwell time, recovery time) for audit and learning",Complexity & Interdependence,"['Bullwhip Index', 'Supply Mix Flexibility', 'Tier Visibility %']",Historical records
2,Black Death Pandemic,Pandemic,Health Crisis,1347,1351,Europe; Asia; Africa,Healthcare,Agriculture,,650,48,13.54166667,5,Labor shortages,food scarcity,,Production & Distribution,Workforce availability,Inventory turnover,,Strategic reserves; remote sourcing,Risk Assessment & Prediction,Supply Chain Transparency,,,Operational Continuity,Epidemiological modeling,Blockchain,1,0,Labor & Demand Shock (bi-directional) → Factory/port constraints → Forecast error surge → System-wide oscillations,Absenteeism rise | Border restriction alerts | Demand volatility index surges,"Federated learning demand forecasting across partners (privacy-preserving) | Labor capacity agents for shift re-optimization & automation substitution | Smart contracts for adaptive MOQ/lead-time terms under emergency clauses | On-chain supplier & lane attestation (quality, ESG, certifications) with real-time oracle feeds | Sentinel agents for anomaly & drift detection on IoT/ERP/TMS streams | Digital twin + simulation agents for cascade prediction and recovery planning | Smart-contract playbooks for rerouting, re-sourcing, and SLA-based compensation | Ledger-anchored KPI telemetry (OTIF, dwell time, recovery time) for audit and learning",Risk Assessment & Prediction,"['Forecast Error (MAPE)', 'Safety Stock Level', 'Service Level']",Medical journals
3,Age of Exploration Maritime Disasters,Natural Disaster,Maritime Disaster,1400,1600,Global,Maritime,Trade,,150,240,0.625,2,Ship losses,insurance claims,,Maritime; Insurance,Loss rate,Insurance cost,,Diversify routes; marine insurance,Risk Assessment & Prediction,Real-Time Monitoring & Response,,,Sustainability Resilience,IoT ship tracking,IoT,0,0,Local Disruption → Lead-time variability → Safety stock erosion → Expediting/rationing → Service loss,Forecast error spikes | Lead-time variance increase | Service-level dips,"On-chain supplier & lane attestation (quality, ESG, certifications) with real-time oracle feeds | Sentinel agents for anomaly & drift detection on IoT/ERP/TMS streams | Digital twin + simulation agents for cascade prediction and recovery planning | Smart-contract playbooks for rerouting, re-sourcing, and SLA-based compensation | Ledger-anchored KPI telemetry (OTIF, dwell time, recovery time) for audit and learning",Risk Assessment & Prediction,"['Forecast Error (MAPE)', 'Safety Stock Level', 'Service Level']",Nautical logs
4,Ottoman Empire Trade Blockades,Geopolitical,Blockades,1453,1700,Europe-Middle East,Trade,Manufacturing,,350,297,1.178451178,3,Price spikes,supply delays,,Maritime; Trade,Cost per Unit,Fill Rate,,Diplomacy; regional pacts,Trust & Data Integrity,Regulatory Compliance Automation,,,Regulatory Compliance,Blockchain trade ledgers,Blockchain,1,0,Route Closure & Regulatory Shock → Lead-time spikes → Allocation rationing → Bullwhip amplification across tiers,AIS route deviations | Customs dwell-time spikes | Sanction list updates,"Compliance oracles (sanctions, export control) gating transactions on-chain | Tokenized inventory & capacity auctions among approved partners | Multi-sourcing agent negotiation with on-chain supplier reputation scores | On-chain supplier & lane attestation (quality, ESG, certifications) with real-time oracle feeds | Sentinel agents for anomaly & drift detection on IoT/ERP/TMS streams | Digital twin + simulation agents for cascade prediction and recovery planning | Smart-contract playbooks for rerouting, re-sourcing, and SLA-based compensation | Ledger-anchored KPI telemetry (OTIF, dwell time, recovery time) for audit and learning",Trust & Data Integrity,"['Audit Exceptions', 'Dispute Rate', 'Payment Delay']",Historical archives
5,Dutch East India Company Monopolies,Economic,Monopoly,1602,1800,Asia-Europe,Trade,Commodities,,150,198,0.757575758,3,Market manipulation,price control,,Trade Networks,Price volatility,Market share,,Anti-monopoly regulations; alt suppliers,Regulatory Compliance Automation,Financial Transaction & Settlement,,,Market Resilience,Smart contract auctions,Blockchain,1,0,Local Disruption → Lead-time variability → Safety stock erosion → Expediting/rationing → Service loss,Forecast error spikes | Lead-time variance increase | Service-level dips,"On-chain supplier & lane attestation (quality, ESG, certifications) with real-time oracle feeds | Sentinel agents for anomaly & drift detection on IoT/ERP/TMS streams | Digital twin + simulation agents for cascade prediction and recovery planning | Smart-contract playbooks for rerouting, re-sourcing, and SLA-based compensation | Ledger-anchored KPI telemetry (OTIF, dwell time, recovery time) for audit and learning",Regulatory Compliance Automation,"['OTIF', 'Forecast Error (MAPE)']",VOC archives
6,British Industrial Revolution Transformation,Technology,Industrialization,1760,1840,Europe; North America,Manufacturing,Transportation,,1250,960,1.302083333,5,Industrial demand shifts,,,Factories; Rail,Production capacity,Throughput,,Mechanization; retraining,Complexity & Interdependence,Continuous Learning & Adaptation,,,Capacity Resilience,Predictive capacity planning,Blockchain,1,0,Local Disruption → Lead-time variability → Safety stock erosion → Expediting/rationing → Service loss,Forecast error spikes | Lead-time variance increase | Service-level dips,"On-chain supplier & lane attestation (quality, ESG, certifications) with real-time oracle feeds | Sentinel agents for anomaly & drift detection on IoT/ERP/TMS streams | Digital twin + simulation agents for cascade prediction and recovery planning | Smart-contract playbooks for rerouting, re-sourcing, and SLA-based compensation | Ledger-anchored KPI telemetry (OTIF, dwell time, recovery time) for audit and learning",Complexity & Interdependence,"['Bullwhip Index', 'Supply Mix Flexibility', 'Tier Visibility %']",Industrial histories
7,Napoleon Continental System,Geopolitical,Trade Embargo,1806,1814,Europe,Trade,Manufacturing,,450,96,4.6875,3,Embargoes,smuggling,,Trade Routes; Manufacturing,Transit times,Cost per Unit,,Blockade runners; barter treaties,Coordination & Collaboration,Trust & Data Integrity,,,Trade Resilience,Blockchain barter platforms,Blockchain,1,0,Route Closure & Regulatory Shock → Lead-time spikes → Allocation rationing → Bullwhip amplification across tiers,AIS route deviations | Customs dwell-time spikes | Sanction list updates,"Compliance oracles (sanctions, export control) gating transactions on-chain | Tokenized inventory & capacity auctions among approved partners | Multi-sourcing agent negotiation with on-chain supplier reputation scores | On-chain supplier & lane attestation (quality, ESG, certifications) with real-time oracle feeds | Sentinel agents for anomaly & drift detection on IoT/ERP/TMS streams | Digital twin + simulation agents for cascade prediction and recovery planning | Smart-contract playbooks for rerouting, re-sourcing, and SLA-based compensation | Ledger-anchored KPI telemetry (OTIF, dwell time, recovery time) for audit and learning",Coordination & Collaboration,"['Backorder Level', 'Lead Time Variability', 'Order Fill Rate']",Napoleonic records
8,Irish Potato Famine,Natural Disaster,Agricultural Crisis,1845,1852,Ireland; Europe,Agriculture,Food,,450,84,5.357142857,5,Mass migration,food shortage,,Agriculture; Food Distribution,Food supply,Population stability,,Import substitution; relief programs,Risk Assessment & Prediction,Supply Chain Transparency,,,Food Security,Agricultural monitoring systems,IoT,0,0,Local Disruption → Lead-time variability → Safety stock erosion → Expediting/rationing → Service loss,Forecast error spikes | Lead-time variance increase | Service-level dips,"On-chain supplier & lane attestation (quality, ESG, certifications) with real-time oracle feeds | Sentinel agents for anomaly & drift detection on IoT/ERP/TMS streams | Digital twin + simulation agents for cascade prediction and recovery planning | Smart-contract playbooks for rerouting, re-sourcing, and SLA-based compensation | Ledger-anchored KPI telemetry (OTIF, dwell time, recovery time) for audit and learning",Risk Assessment & Prediction,"['Forecast Error (MAPE)', 'Safety Stock Level', 'Service Level']",Historical records
9,California Gold Rush,Economic,Resource Rush,1848,1855,North America,Mining,Transportation,Trade,800,84,9.523809524,3,Labor migration,infrastructure demand,,Mining; Transportation,Labor availability,Transportation capacity,,Infrastructure development; labor recruitment,Capacity Resilience,Coordination & Collaboration,,,Capacity Resilience,Resource tracking systems,IoT,0,0,Local Disruption → Lead-time variability → Safety stock erosion → Expediting/rationing → Service loss,Forecast error spikes | Lead-time variance increase | Service-level dips,"On-chain supplier & lane attestation (quality, ESG, certifications) with real-time oracle feeds | Sentinel agents for anomaly & drift detection on IoT/ERP/TMS streams | Digital twin + simulation agents for cascade prediction and recovery planning | Smart-contract playbooks for rerouting, re-sourcing, and SLA-based compensation | Ledger-anchored KPI telemetry (OTIF, dwell time, recovery time) for audit and learning",Capacity Resilience,"['Alternate Supplier Coverage', 'Lead Time to Qualify', 'Spare Capacity %']",Historical records
10,Taiping Rebellion Trade Disruption,Social,Civil War,1850,1864,China; Asia,Agriculture,Trade,,1200,168,7.142857143,4,Agricultural collapse,trade route disruption,,Agriculture; Trade Routes,Food supply,Trade volumes,,Military intervention; alternative trade routes,Risk Assessment & Prediction,Coordination & Collaboration,,,Strategic Resilience,Multi-agent conflict prediction,AI/Agentic AI,0,1,Route Closure & Regulatory Shock → Lead-time spikes → Allocation rationing → Bullwhip amplification across tiers,AIS route deviations | Customs dwell-time spikes | Sanction list updates,"Compliance oracles (sanctions, export control) gating transactions on-chain | Tokenized inventory & capacity auctions among approved partners | Multi-sourcing agent negotiation with on-chain supplier reputation scores | On-chain supplier & lane attestation (quality, ESG, certifications) with real-time oracle feeds | Sentinel agents for anomaly & drift detection on IoT/ERP/TMS streams | Digital twin + simulation agents for cascade prediction and recovery planning | Smart-contract playbooks for rerouting, re-sourcing, and SLA-based compensation | Ledger-anchored KPI telemetry (OTIF, dwell time, recovery time) for audit and learning",Risk Assessment & Prediction,"['Forecast Error (MAPE)', 'Safety Stock Level', 'Service Level']",Historical archives
11,First Transcontinental Telegraph,Technology,Infrastructure,1850,1850,North America,Communication,Manufacturing,,225,1,225,2,Network outages,,,Telegraph; Manufacturing,Signal reliability,Delivery latency,,Network redundancy; alternative lines,Supply Chain Transparency,Infrastructure Resilience,,,Network Resilience,Digital twin network ops,Digital Twin,0,0,Local Disruption → Lead-time variability → Safety stock erosion → Expediting/rationing → Service loss,Forecast error spikes | Lead-time variance increase | Service-level dips,"On-chain supplier & lane attestation (quality, ESG, certifications) with real-time oracle feeds | Sentinel agents for anomaly & drift detection on IoT/ERP/TMS streams | Digital twin + simulation agents for cascade prediction and recovery planning | Smart-contract playbooks for rerouting, re-sourcing, and SLA-based compensation | Ledger-anchored KPI telemetry (OTIF, dwell time, recovery time) for audit and learning",Supply Chain Transparency,"['Inspection Failures', 'Recall Response Time', 'Traceability Score']",Historical records
12,American Civil War Trade Disruption,Geopolitical,War,1860,1865,North America,Manufacturing,Agriculture,,850,48,17.70833333,3,Cotton shortages,rail damage,,Rail; Ports,Throughput,Inventory turnover,,Alternate suppliers; rail repairs,Risk Assessment & Prediction,Real-Time Monitoring & Response,,,Operational Continuity,IoT rail monitoring,AI/Agentic AI,0,1,Route Closure & Regulatory Shock → Lead-time spikes → Allocation rationing → Bullwhip amplification across tiers,AIS route deviations | Customs dwell-time spikes | Sanction list updates,"Compliance oracles (sanctions, export control) gating transactions on-chain | Tokenized inventory & capacity auctions among approved partners | Multi-sourcing agent negotiation with on-chain supplier reputation scores | On-chain supplier & lane attestation (quality, ESG, certifications) with real-time oracle feeds | Sentinel agents for anomaly & drift detection on IoT/ERP/TMS streams | Digital twin + simulation agents for cascade prediction and recovery planning | Smart-contract playbooks for rerouting, re-sourcing, and SLA-based compensation | Ledger-anchored KPI telemetry (OTIF, dwell time, recovery time) for audit and learning",Risk Assessment & Prediction,"['Forecast Error (MAPE)', 'Safety Stock Level', 'Service Level']",Civil War archives
13,First Transcontinental Railroad,Infrastructure,Railway Transformation,1869,1869,North America,Rail,Trade,,400,1,400,2,Coast-to-coast connectivity,,,Rail; Ports,Transit time,Throughput,,Standardize rail; hubs,Complexity & Interdependence,Coordination & Collaboration,,,Network Resilience,Real-time rail monitoring,AI/Agentic AI,0,1,Local Disruption → Lead-time variability → Safety stock erosion → Expediting/rationing → Service loss,Forecast error spikes | Lead-time variance increase | Service-level dips,"On-chain supplier & lane attestation (quality, ESG, certifications) with real-time oracle feeds | Sentinel agents for anomaly & drift detection on IoT/ERP/TMS streams | Digital twin + simulation agents for cascade prediction and recovery planning | Smart-contract playbooks for rerouting, re-sourcing, and SLA-based compensation | Ledger-anchored KPI telemetry (OTIF, dwell time, recovery time) for audit and learning",Complexity & Interdependence,"['Bullwhip Index', 'Supply Mix Flexibility', 'Tier Visibility %']",Railroad archives
14,Suez Canal Opening Impact,Infrastructure,Canal Opening,1869,1869,Global via Egypt,Maritime,Trade,,400,1,400,2,Voyage time reduction,,,Maritime; Ports,Transit time,Freight costs,,Canal locks; capacity planning,Supply Chain Transparency,Risk Assessment & Prediction,,,Infrastructure Resilience,Digital twin canal ops,Digital Twin,1,0,Transport Bottleneck → Queueing & schedule drift → Inventory imbalance → Expediting costs → Service degradation,Blank sailings | Booking rejections | Queue length & dwell-time metrics,"Port/route congestion oracles; agents pre-book alternative modes dynamically | Dynamic slot trading via smart contracts with verifiable time-stamps | Cross-dock & pooling strategies decided by multi-agent optimization | On-chain supplier & lane attestation (quality, ESG, certifications) with real-time oracle feeds | Sentinel agents for anomaly & drift detection on IoT/ERP/TMS streams | Digital twin + simulation agents for cascade prediction and recovery planning | Smart-contract playbooks for rerouting, re-sourcing, and SLA-based compensation | Ledger-anchored KPI telemetry (OTIF, dwell time, recovery time) for audit and learning",Supply Chain Transparency,"['Inspection Failures', 'Recall Response Time', 'Traceability Score']",Engineering reports
15,Panama Canal Opening,Infrastructure,Canal Opening,1914,1914,Global,Maritime,Trade,,300,1,300,2,Route time reduction,cost savings,,Maritime; Ports,Transit time,Shipping costs,,Fleet rerouting; capacity planning,Infrastructure Resilience,Coordination & Collaboration,,,Infrastructure Resilience,Digital twin canal operations,Digital Twin,1,0,Transport Bottleneck → Queueing & schedule drift → Inventory imbalance → Expediting costs → Service degradation,Blank sailings | Booking rejections | Queue length & dwell-time metrics,"Port/route congestion oracles; agents pre-book alternative modes dynamically | Dynamic slot trading via smart contracts with verifiable time-stamps | Cross-dock & pooling strategies decided by multi-agent optimization | On-chain supplier & lane attestation (quality, ESG, certifications) with real-time oracle feeds | Sentinel agents for anomaly & drift detection on IoT/ERP/TMS streams | Digital twin + simulation agents for cascade prediction and recovery planning | Smart-contract playbooks for rerouting, re-sourcing, and SLA-based compensation | Ledger-anchored KPI telemetry (OTIF, dwell time, recovery time) for audit and learning",Infrastructure Resilience,"['Capacity Utilization', 'Equipment Uptime', 'MTTR']",Engineering reports
16,World War I Supply Chain Warfare,Geopolitical,War,1914,1918,Global,Military,Manufacturing,,8500,48,177.0833333,5,Blockades,resource shortages,,Ports; Factories,Capacity utilization,Supply availability,,Convoys; rationing,Multi-Agent Coordination,Real-Time Monitoring & Response,,,Strategic Resilience,GNN blockade detection,AI/Agentic AI,0,1,Route Closure & Regulatory Shock → Lead-time spikes → Allocation rationing → Bullwhip amplification across tiers,AIS route deviations | Customs dwell-time spikes | Sanction list updates,"Compliance oracles (sanctions, export control) gating transactions on-chain | Tokenized inventory & capacity auctions among approved partners | Multi-sourcing agent negotiation with on-chain supplier reputation scores | On-chain supplier & lane attestation (quality, ESG, certifications) with real-time oracle feeds | Sentinel agents for anomaly & drift detection on IoT/ERP/TMS streams | Digital twin + simulation agents for cascade prediction and recovery planning | Smart-contract playbooks for rerouting, re-sourcing, and SLA-based compensation | Ledger-anchored KPI telemetry (OTIF, dwell time, recovery time) for audit and learning",Multi-Agent Coordination,"['Backorder Level', 'Order Fill Rate']",Military archives
17,Russian Revolution Supply Chain Collapse,Social,Revolution,1917,1921,Russia; Europe,Manufacturing,Agriculture,Transportation,2400,48,50,5,Economic collapse,industrial shutdown,,Manufacturing; Agriculture,Production capacity,Food distribution,,State control; resource allocation,Coordination & Collaboration,Risk Assessment & Prediction,,,Strategic Resilience,Economic prediction models,AI/Agentic AI,0,1,Local Disruption → Lead-time variability → Safety stock erosion → Expediting/rationing → Service loss,Forecast error spikes | Lead-time variance increase | Service-level dips,"On-chain supplier & lane attestation (quality, ESG, certifications) with real-time oracle feeds | Sentinel agents for anomaly & drift detection on IoT/ERP/TMS streams | Digital twin + simulation agents for cascade prediction and recovery planning | Smart-contract playbooks for rerouting, re-sourcing, and SLA-based compensation | Ledger-anchored KPI telemetry (OTIF, dwell time, recovery time) for audit and learning",Coordination & Collaboration,"['Backorder Level', 'Lead Time Variability', 'Order Fill Rate']",Historical archives
18,Spanish Flu Pandemic,Pandemic,Health Crisis,1981,1920,Global,Healthcare,All Industries,,2800,24,116.6666667,5,Labor shortages,demand shocks,,All Nodes,OTIF,Inventory turnover,,Quarantines; remote ops,Supply Chain Transparency,Real-Time Monitoring & Response,,,Health Resilience,LSTM outbreak forecasting,AI/Agentic AI,0,0,Labor & Demand Shock (bi-directional) → Factory/port constraints → Forecast error surge → System-wide oscillations,Absenteeism rise | Border restriction alerts | Demand volatility index surges,"Federated learning demand forecasting across partners (privacy-preserving) | Labor capacity agents for shift re-optimization & automation substitution | Smart contracts for adaptive MOQ/lead-time terms under emergency clauses | On-chain supplier & lane attestation (quality, ESG, certifications) with real-time oracle feeds | Sentinel agents for anomaly & drift detection on IoT/ERP/TMS streams | Digital twin + simulation agents for cascade prediction and recovery planning | Smart-contract playbooks for rerouting, re-sourcing, and SLA-based compensation | Ledger-anchored KPI telemetry (OTIF, dwell time, recovery time) for audit and learning",Supply Chain Transparency,"['Inspection Failures', 'Recall Response Time', 'Traceability Score']",WHO records
19,British Coal Miners' Strike Disruption,Social,Labor Disruption,1926,1926,UK,Mining,Manufacturing,,120,6,20,3,Fuel shortages,rail delays,,Mining; Rail,Fuel supply,Lead time,,Government intervention; alternative energy,Coordination & Collaboration,Real-Time Monitoring & Response,,,Energy Resilience,AI workforce scheduling,AI/Agentic AI,0,1,Local Disruption → Lead-time variability → Safety stock erosion → Expediting/rationing → Service loss,Forecast error spikes | Lead-time variance increase | Service-level dips,"On-chain supplier & lane attestation (quality, ESG, certifications) with real-time oracle feeds | Sentinel agents for anomaly & drift detection on IoT/ERP/TMS streams | Digital twin + simulation agents for cascade prediction and recovery planning | Smart-contract playbooks for rerouting, re-sourcing, and SLA-based compensation | Ledger-anchored KPI telemetry (OTIF, dwell time, recovery time) for audit and learning",Coordination & Collaboration,"['Backorder Level', 'Lead Time Variability', 'Order Fill Rate']",Historical records
20,Great Depression Trade Collapse,Economic,Financial Crisis,1929,1939,Global,Financial,Manufacturing,,6200,120,51.66666667,5,Credit freeze,production collapse,,Finance; Trade,Credit availability,Fill Rate,,Fiscal stimulus; trade reform,Trust & Data Integrity,Economic Impact Optimization,,,Financial Resilience,Economic optimization models,AI/Agentic AI,0,1,Financial Contagion → Supplier liquidity stress → Payment delays → Capacity exits → Re-sourcing cascade,Forecast error spikes | Lead-time variance increase | Service-level dips,"FX risk oracles; smart-hedging triggers tied to exposure thresholds | Dynamic payment terms & supply-chain finance via programmable invoices | On-chain supplier & lane attestation (quality, ESG, certifications) with real-time oracle feeds | Sentinel agents for anomaly & drift detection on IoT/ERP/TMS streams | Digital twin + simulation agents for cascade prediction and recovery planning | Smart-contract playbooks for rerouting, re-sourcing, and SLA-based compensation | Ledger-anchored KPI telemetry (OTIF, dwell time, recovery time) for audit and learning",Trust & Data Integrity,"['Audit Exceptions', 'Dispute Rate', 'Payment Delay']",Economic studies
21,Smoot-Hawley Tariff Act,Regulatory,Trade Policy,1930,1930,US-Global,Manufacturing,Agriculture,,1100,1,1100,3,Retaliatory tariffs,,,Trade; Customs,Tariff rates,Trade volumes,,Tariff renegotiations; free-trade pacts,Regulatory Compliance Automation,Stakeholder Communication,,,Policy Resilience,Automated compliance checks,AI/Agentic AI,1,0,Local Disruption → Lead-time variability → Safety stock erosion → Expediting/rationing → Service loss,Forecast error spikes | Lead-time variance increase | Service-level dips,"On-chain supplier & lane attestation (quality, ESG, certifications) with real-time oracle feeds | Sentinel agents for anomaly & drift detection on IoT/ERP/TMS streams | Digital twin + simulation agents for cascade prediction and recovery planning | Smart-contract playbooks for rerouting, re-sourcing, and SLA-based compensation | Ledger-anchored KPI telemetry (OTIF, dwell time, recovery time) for audit and learning",Regulatory Compliance Automation,"['OTIF', 'Forecast Error (MAPE)']",Congressional records
22,World War II Global Trade Disruption,Geopolitical,War,1939,1945,Global,Manufacturing,Global Trade,,12000,72,166.6666667,5,Resource scarcity,,,Ports; Factories,Throughput,Resource allocation,,Lend-lease; convoys,Multi-Agent Coordination,Real-Time Monitoring & Response,,,Strategic Resilience,Convoy monitoring,AI/Agentic AI,1,1,Route Closure & Regulatory Shock → Lead-time spikes → Allocation rationing → Bullwhip amplification across tiers,AIS route deviations | Customs dwell-time spikes | Sanction list updates,"Compliance oracles (sanctions, export control) gating transactions on-chain | Tokenized inventory & capacity auctions among approved partners | Multi-sourcing agent negotiation with on-chain supplier reputation scores | On-chain supplier & lane attestation (quality, ESG, certifications) with real-time oracle feeds | Sentinel agents for anomaly & drift detection on IoT/ERP/TMS streams | Digital twin + simulation agents for cascade prediction and recovery planning | Smart-contract playbooks for rerouting, re-sourcing, and SLA-based compensation | Ledger-anchored KPI telemetry (OTIF, dwell time, recovery time) for audit and learning",Multi-Agent Coordination,"['Backorder Level', 'Order Fill Rate']",War archives
23,Berlin Blockade,Geopolitical,Cold War,1948,1949,Europe,Trade,Transportation,,1200,11,109.0909091,3,Airlift logistics,,,Air; Ground,Throughput,Delivery reliability,,Airlift ops; ground support,Real-Time Monitoring & Response,Agentic Intelligence,,,Operational Resilience,AI airlift scheduling,AI/Agentic AI,0,1,Route Closure & Regulatory Shock → Lead-time spikes → Allocation rationing → Bullwhip amplification across tiers,AIS route deviations | Customs dwell-time spikes | Sanction list updates,"Compliance oracles (sanctions, export control) gating transactions on-chain | Tokenized inventory & capacity auctions among approved partners | Multi-sourcing agent negotiation with on-chain supplier reputation scores | On-chain supplier & lane attestation (quality, ESG, certifications) with real-time oracle feeds | Sentinel agents for anomaly & drift detection on IoT/ERP/TMS streams | Digital twin + simulation agents for cascade prediction and recovery planning | Smart-contract playbooks for rerouting, re-sourcing, and SLA-based compensation | Ledger-anchored KPI telemetry (OTIF, dwell time, recovery time) for audit and learning",Real-Time Monitoring & Response,"['Dwell Time', 'Lead Time', 'OTIF', 'Throughput']",Cold War records
24,Korean War Supply Disruption,Geopolitical,Cold War,1950,1953,Asia,Manufacturing,Transportation,,2600,36,72.22222222,3,Port closures,rail damage,,Ports; Rail,Throughput,Lead time,,Rapid repairs; rerouting,Infrastructure Resilience,Continuous Learning & Adaptation,,,Infrastructure Resilience,Adaptive logistics replanning,AI/Agentic AI,0,1,Route Closure & Regulatory Shock → Lead-time spikes → Allocation rationing → Bullwhip amplification across tiers,AIS route deviations | Customs dwell-time spikes | Sanction list updates,"Compliance oracles (sanctions, export control) gating transactions on-chain | Tokenized inventory & capacity auctions among approved partners | Multi-sourcing agent negotiation with on-chain supplier reputation scores | On-chain supplier & lane attestation (quality, ESG, certifications) with real-time oracle feeds | Sentinel agents for anomaly & drift detection on IoT/ERP/TMS streams | Digital twin + simulation agents for cascade prediction and recovery planning | Smart-contract playbooks for rerouting, re-sourcing, and SLA-based compensation | Ledger-anchored KPI telemetry (OTIF, dwell time, recovery time) for audit and learning",Infrastructure Resilience,"['Capacity Utilization', 'Equipment Uptime', 'MTTR']",UN archives
25,Suez Crisis,Geopolitical,Cold War,1956,1956,Global via Egypt,Maritime,Trade,,850,1,850,2,Shipping diversions,,,Maritime; Ports,Freight costs,Transit time,,Route diversification,Supply Chain Transparency,Risk Assessment & Prediction,,,Route Resilience,Blockchain route validation,Blockchain,1,0,Route Closure & Regulatory Shock → Lead-time spikes → Allocation rationing → Bullwhip amplification across tiers,AIS route deviations | Customs dwell-time spikes | Sanction list updates,"Compliance oracles (sanctions, export control) gating transactions on-chain | Tokenized inventory & capacity auctions among approved partners | Multi-sourcing agent negotiation with on-chain supplier reputation scores | On-chain supplier & lane attestation (quality, ESG, certifications) with real-time oracle feeds | Sentinel agents for anomaly & drift detection on IoT/ERP/TMS streams | Digital twin + simulation agents for cascade prediction and recovery planning | Smart-contract playbooks for rerouting, re-sourcing, and SLA-based compensation | Ledger-anchored KPI telemetry (OTIF, dwell time, recovery time) for audit and learning",Supply Chain Transparency,"['Inspection Failures', 'Recall Response Time', 'Traceability Score']",UN records
26,Cuban Missile Crisis Trade Impact,Geopolitical,Cold War,1962,1962,Global,Manufacturing,Trade,,450,1,450,1,Security screenings,,,Ports; Trade,Security delays,Throughput,,Enhanced protocols,Trust & Data Integrity,Coordination & Collaboration,,,Security Resilience,Automated clearance notifications,Blockchain,1,0,Route Closure & Regulatory Shock → Lead-time spikes → Allocation rationing → Bullwhip amplification across tiers,AIS route deviations | Customs dwell-time spikes | Sanction list updates,"Compliance oracles (sanctions, export control) gating transactions on-chain | Tokenized inventory & capacity auctions among approved partners | Multi-sourcing agent negotiation with on-chain supplier reputation scores | On-chain supplier & lane attestation (quality, ESG, certifications) with real-time oracle feeds | Sentinel agents for anomaly & drift detection on IoT/ERP/TMS streams | Digital twin + simulation agents for cascade prediction and recovery planning | Smart-contract playbooks for rerouting, re-sourcing, and SLA-based compensation | Ledger-anchored KPI telemetry (OTIF, dwell time, recovery time) for audit and learning",Trust & Data Integrity,"['Audit Exceptions', 'Dispute Rate', 'Payment Delay']",US archives
27,Six-Day War Oil Disruption,Geopolitical,Cold War,1967,1967,Middle East,Energy,Transportation,,320,1,320,1,Price spikes,,,Energy; Transportation,Fuel costs,Availability,,Reserves; diversification,Coordination & Collaboration,Economic Impact Optimization,,,Energy Resilience,Reserves optimization models,AI/Agentic AI,0,1,Route Closure & Regulatory Shock → Lead-time spikes → Allocation rationing → Bullwhip amplification across tiers,AIS route deviations | Customs dwell-time spikes | Sanction list updates,"Compliance oracles (sanctions, export control) gating transactions on-chain | Tokenized inventory & capacity auctions among approved partners | Multi-sourcing agent negotiation with on-chain supplier reputation scores | On-chain supplier & lane attestation (quality, ESG, certifications) with real-time oracle feeds | Sentinel agents for anomaly & drift detection on IoT/ERP/TMS streams | Digital twin + simulation agents for cascade prediction and recovery planning | Smart-contract playbooks for rerouting, re-sourcing, and SLA-based compensation | Ledger-anchored KPI telemetry (OTIF, dwell time, recovery time) for audit and learning",Coordination & Collaboration,"['Backorder Level', 'Lead Time Variability', 'Order Fill Rate']",Oil reports
28,1973 Oil Crisis,Economic,Crisis,1973,1974,Global,Energy,Transportation,,4200,12,350,5,Price shocks,,,Energy; Trade,Fuel prices,Throughput,,Rationing; efficiency measures,Risk Assessment & Prediction,Continuous Monitoring,,,Energy Resilience,Energy IoT monitoring,IoT,0,0,Local Disruption → Lead-time variability → Safety stock erosion → Expediting/rationing → Service loss,Forecast error spikes | Lead-time variance increase | Service-level dips,"On-chain supplier & lane attestation (quality, ESG, certifications) with real-time oracle feeds | Sentinel agents for anomaly & drift detection on IoT/ERP/TMS streams | Digital twin + simulation agents for cascade prediction and recovery planning | Smart-contract playbooks for rerouting, re-sourcing, and SLA-based compensation | Ledger-anchored KPI telemetry (OTIF, dwell time, recovery time) for audit and learning",Risk Assessment & Prediction,"['Forecast Error (MAPE)', 'Safety Stock Level', 'Service Level']",OPEC archives
29,1979 Iran Oil Crisis,Economic,Crisis,1979,1981,Global,Energy,Transportation,,3800,24,158.3333333,5,Market instability,,,Energy; Trade,Price volatility,Supply security,,Reserves; hedging,Economic Impact Optimization,Trust & Data Integrity,,,Energy Resilience,Financial optimization models,AI/Agentic AI,0,1,Local Disruption → Lead-time variability → Safety stock erosion → Expediting/rationing → Service loss,Forecast error spikes | Lead-time variance increase | Service-level dips,"On-chain supplier & lane attestation (quality, ESG, certifications) with real-time oracle feeds | Sentinel agents for anomaly & drift detection on IoT/ERP/TMS streams | Digital twin + simulation agents for cascade prediction and recovery planning | Smart-contract playbooks for rerouting, re-sourcing, and SLA-based compensation | Ledger-anchored KPI telemetry (OTIF, dwell time, recovery time) for audit and learning",Economic Impact Optimization,"['Cash Conversion Cycle', 'Cost to Serve', 'Inventory Holding Cost']",Energy reports
30,Soviet-Afghanistan War Impact,Geopolitical,Cold War,1979,1989,Asia; Middle East,Energy,Trade,,290,96,3.020833333,2,Pipeline disruptions,,,Energy; Military,Supply continuity,Security,,Pipeline security; alt sourcing,Security & Resilience,Coordination & Collaboration,,,Security Resilience,Multi-agent security coordination,AI/Agentic AI,1,1,Route Closure & Regulatory Shock → Lead-time spikes → Allocation rationing → Bullwhip amplification across tiers,AIS route deviations | Customs dwell-time spikes | Sanction list updates,"Compliance oracles (sanctions, export control) gating transactions on-chain | Tokenized inventory & capacity auctions among approved partners | Multi-sourcing agent negotiation with on-chain supplier reputation scores | On-chain supplier & lane attestation (quality, ESG, certifications) with real-time oracle feeds | Sentinel agents for anomaly & drift detection on IoT/ERP/TMS streams | Digital twin + simulation agents for cascade prediction and recovery planning | Smart-contract playbooks for rerouting, re-sourcing, and SLA-based compensation | Ledger-anchored KPI telemetry (OTIF, dwell time, recovery time) for audit and learning",Security & Resilience,"['OTIF', 'Forecast Error (MAPE)']",UN archives
31,Chernobyl Nuclear Disaster,Environmental,Disaster,1986,1986,Europe,Energy,Manufacturing,,1100,1,1100,3,Contamination,shutdowns,,Energy; Agriculture,Uptime,Supply availability,,Containment; alt suppliers,Safety & Compliance,Real-Time Monitoring & Response,,,Safety Resilience,Radiation sensor networks,Blockchain,1,0,Local Disruption → Lead-time variability → Safety stock erosion → Expediting/rationing → Service loss,Forecast error spikes | Lead-time variance increase | Service-level dips,"On-chain supplier & lane attestation (quality, ESG, certifications) with real-time oracle feeds | Sentinel agents for anomaly & drift detection on IoT/ERP/TMS streams | Digital twin + simulation agents for cascade prediction and recovery planning | Smart-contract playbooks for rerouting, re-sourcing, and SLA-based compensation | Ledger-anchored KPI telemetry (OTIF, dwell time, recovery time) for audit and learning",Safety & Compliance,"['OTIF', 'Forecast Error (MAPE)']",Nuclear agency
32,Gulf War,Geopolitical,War,1991,1991,Middle East,Energy,Transportation,,980,3,326.6666667,3,Pipeline disruptions,,,Energy; Military,Fuel supply,Security delays,,Military escorts; pipeline protection,Security & Resilience,Supply Chain Transparency,,,Security Resilience,Blockchain pipeline logs,Blockchain,1,0,Route Closure & Regulatory Shock → Lead-time spikes → Allocation rationing → Bullwhip amplification across tiers,AIS route deviations | Customs dwell-time spikes | Sanction list updates,"Compliance oracles (sanctions, export control) gating transactions on-chain | Tokenized inventory & capacity auctions among approved partners | Multi-sourcing agent negotiation with on-chain supplier reputation scores | On-chain supplier & lane attestation (quality, ESG, certifications) with real-time oracle feeds | Sentinel agents for anomaly & drift detection on IoT/ERP/TMS streams | Digital twin + simulation agents for cascade prediction and recovery planning | Smart-contract playbooks for rerouting, re-sourcing, and SLA-based compensation | Ledger-anchored KPI telemetry (OTIF, dwell time, recovery time) for audit and learning",Security & Resilience,"['OTIF', 'Forecast Error (MAPE)']",Military archives
33,French Rail Strikes,Social,Labor Disruption,1995,1995,France,Transportation,Manufacturing,,150,2,75,2,Network paralysis,,,Rail; Manufacturing,Transit time,Throughput,,Negotiations; contingency services,Coordination & Collaboration,Continuous Learning & Adaptation,,,Network Resilience,Real-time rail monitoring,AI/Agentic AI,0,1,Local Disruption → Lead-time variability → Safety stock erosion → Expediting/rationing → Service loss,Forecast error spikes | Lead-time variance increase | Service-level dips,"On-chain supplier & lane attestation (quality, ESG, certifications) with real-time oracle feeds | Sentinel agents for anomaly & drift detection on IoT/ERP/TMS streams | Digital twin + simulation agents for cascade prediction and recovery planning | Smart-contract playbooks for rerouting, re-sourcing, and SLA-based compensation | Ledger-anchored KPI telemetry (OTIF, dwell time, recovery time) for audit and learning",Coordination & Collaboration,"['Backorder Level', 'Lead Time Variability', 'Order Fill Rate']",Government reports
34,Asian Financial Crisis,Economic,Financial Crisis,1997,1998,Asia,Financial,Manufacturing,,780,12,65,3,Currency devaluation,,,Finance; Manufacturing,Exchange rates,Import costs,,Support packages; trade finance,Financial Impact Optimization,Trust & Data Integrity,,,Financial Resilience,Real-time risk analytics,AI/Agentic AI,0,1,Financial Contagion → Supplier liquidity stress → Payment delays → Capacity exits → Re-sourcing cascade,Forecast error spikes | Lead-time variance increase | Service-level dips,"FX risk oracles; smart-hedging triggers tied to exposure thresholds | Dynamic payment terms & supply-chain finance via programmable invoices | On-chain supplier & lane attestation (quality, ESG, certifications) with real-time oracle feeds | Sentinel agents for anomaly & drift detection on IoT/ERP/TMS streams | Digital twin + simulation agents for cascade prediction and recovery planning | Smart-contract playbooks for rerouting, re-sourcing, and SLA-based compensation | Ledger-anchored KPI telemetry (OTIF, dwell time, recovery time) for audit and learning",Financial Impact Optimization,"['OTIF', 'Forecast Error (MAPE)']",IMF reports
35,Y2K Supply Chain Concerns,Technology,Cybersecurity,1999,2000,Global,IT,Manufacturing,,150,12,12.5,1,System updates,,,IT; Manufacturing,System uptime,Maintenance cost,,Software updates; audits,Cybersecurity & Resilience,Continuous Learning & Adaptation,,,Cyber Resilience,Automated patch management,AI/Agentic AI,0,1,Cyber–Physical Outage → Multi-site IT/OT downtime → Order processing failure → Logistics hold → Revenue loss,Abnormal network telemetry | Endpoint EDR alerts | Unexpected PLC state changes,"Zero-trust architecture; signed telemetry & software bill-of-materials (SBOM) on-chain | Autonomous containment agents (network segmentation, failover orchestration) | Smart contracts to freeze risky counterparties and release after verification | On-chain supplier & lane attestation (quality, ESG, certifications) with real-time oracle feeds | Sentinel agents for anomaly & drift detection on IoT/ERP/TMS streams | Digital twin + simulation agents for cascade prediction and recovery planning | Smart-contract playbooks for rerouting, re-sourcing, and SLA-based compensation | Ledger-anchored KPI telemetry (OTIF, dwell time, recovery time) for audit and learning",Cybersecurity & Resilience,"['OTIF', 'Forecast Error (MAPE)']",Tech reports
36,9/11 Supply Chain Security Changes,Security,Security Threat,2001,2001,Global,Aviation,Security,,2100,1,2100,5,Security delays,,,Aviation; Ports,Security costs,Transit time,,Enhanced screening; security protocols,Security & Resilience,Stakeholder Communication,,,Security Resilience,AI threat detection,AI/Agentic AI,0,1,Local Disruption → Lead-time variability → Safety stock erosion → Expediting/rationing → Service loss,Forecast error spikes | Lead-time variance increase | Service-level dips,"On-chain supplier & lane attestation (quality, ESG, certifications) with real-time oracle feeds | Sentinel agents for anomaly & drift detection on IoT/ERP/TMS streams | Digital twin + simulation agents for cascade prediction and recovery planning | Smart-contract playbooks for rerouting, re-sourcing, and SLA-based compensation | Ledger-anchored KPI telemetry (OTIF, dwell time, recovery time) for audit and learning",Security & Resilience,"['OTIF', 'Forecast Error (MAPE)']",Government reports
37,SARS Outbreak,Pandemic,Health Crisis,2003,2004,Asia; Global,Healthcare,Trade,,540,12,45,3,Travel restrictions,,,All Nodes,Travel volume,Inventory turnover,,Quarantine; remote ops,Real-Time Monitoring & Response,Supply Chain Transparency,,,Health Resilience,LSTM outbreak forecasting,AI/Agentic AI,0,1,Labor & Demand Shock (bi-directional) → Factory/port constraints → Forecast error surge → System-wide oscillations,Absenteeism rise | Border restriction alerts | Demand volatility index surges,"Federated learning demand forecasting across partners (privacy-preserving) | Labor capacity agents for shift re-optimization & automation substitution | Smart contracts for adaptive MOQ/lead-time terms under emergency clauses | On-chain supplier & lane attestation (quality, ESG, certifications) with real-time oracle feeds | Sentinel agents for anomaly & drift detection on IoT/ERP/TMS streams | Digital twin + simulation agents for cascade prediction and recovery planning | Smart-contract playbooks for rerouting, re-sourcing, and SLA-based compensation | Ledger-anchored KPI telemetry (OTIF, dwell time, recovery time) for audit and learning",Real-Time Monitoring & Response,"['Dwell Time', 'Lead Time', 'OTIF', 'Throughput']",WHO reports
38,Indian Ocean Tsunami,Natural Disaster,Disaster,2004,2004,Asia-Pacific,Maritime,Trade,,290,1,290,2,Port damage,,,Ports; Maritime,Throughput,Transit time,,Rapid repairs; alt routing,Infrastructure Resilience,Risk Assessment & Prediction,,,Disaster Resilience,Digital twin port ops,Digital Twin,1,0,Local Disruption → Lead-time variability → Safety stock erosion → Expediting/rationing → Service loss,Forecast error spikes | Lead-time variance increase | Service-level dips,"On-chain supplier & lane attestation (quality, ESG, certifications) with real-time oracle feeds | Sentinel agents for anomaly & drift detection on IoT/ERP/TMS streams | Digital twin + simulation agents for cascade prediction and recovery planning | Smart-contract playbooks for rerouting, re-sourcing, and SLA-based compensation | Ledger-anchored KPI telemetry (OTIF, dwell time, recovery time) for audit and learning",Infrastructure Resilience,"['Capacity Utilization', 'Equipment Uptime', 'MTTR']",UN reports
39,Hurricane Katrina,Natural Disaster,Disaster,2005,2005,US Gulf Coast,Transportation,Energy,,201.3,1,201.3,5,Port closures,refinery shutdowns,,Energy; Maritime,Throughput,Capacity utilization,,Emergency response; rerouting,Infrastructure Resilience,Real-Time Monitoring & Response,,,Emergency Response,IoT grid monitoring,IoT,0,1,Local Disruption → Lead-time variability → Safety stock erosion → Expediting/rationing → Service loss,Forecast error spikes | Lead-time variance increase | Service-level dips,"On-chain supplier & lane attestation (quality, ESG, certifications) with real-time oracle feeds | Sentinel agents for anomaly & drift detection on IoT/ERP/TMS streams | Digital twin + simulation agents for cascade prediction and recovery planning | Smart-contract playbooks for rerouting, re-sourcing, and SLA-based compensation | Ledger-anchored KPI telemetry (OTIF, dwell time, recovery time) for audit and learning",Infrastructure Resilience,"['Capacity Utilization', 'Equipment Uptime', 'MTTR']",NCEI/NOAA
40,2008 Global Financial Crisis,Economic,Financial Crisis,2008,2009,Global,Financial,Manufacturing,,15600,12,1300,5,Credit freeze,trade collapse,,Finance; Trade,Credit availability,Import/export volumes,,Bailouts; liquidity injections,Trust & Data Integrity,Regulatory Compliance Automation,,,Financial Resilience,Blockchain trade finance,Blockchain,1,0,Financial Contagion → Supplier liquidity stress → Payment delays → Capacity exits → Re-sourcing cascade,Forecast error spikes | Lead-time variance increase | Service-level dips,"FX risk oracles; smart-hedging triggers tied to exposure thresholds | Dynamic payment terms & supply-chain finance via programmable invoices | On-chain supplier & lane attestation (quality, ESG, certifications) with real-time oracle feeds | Sentinel agents for anomaly & drift detection on IoT/ERP/TMS streams | Digital twin + simulation agents for cascade prediction and recovery planning | Smart-contract playbooks for rerouting, re-sourcing, and SLA-based compensation | Ledger-anchored KPI telemetry (OTIF, dwell time, recovery time) for audit and learning",Trust & Data Integrity,"['Audit Exceptions', 'Dispute Rate', 'Payment Delay']",Financial reports
41,European Debt Crisis,Economic,Financial Crisis,2010,2012,Europe,Financial,Trade,,820,24,34.16666667,3,Credit constraints,demand slump,,Financial; Trade,Credit availability,Fill rate,,ECB measures; fiscal stimulus,Trust & Data Integrity,Real-Time Monitoring & Response,,,Financial Resilience,Macro-financial risk models,AI/Agentic AI,0,1,Financial Contagion → Supplier liquidity stress → Payment delays → Capacity exits → Re-sourcing cascade,Forecast error spikes | Lead-time variance increase | Service-level dips,"FX risk oracles; smart-hedging triggers tied to exposure thresholds | Dynamic payment terms & supply-chain finance via programmable invoices | On-chain supplier & lane attestation (quality, ESG, certifications) with real-time oracle feeds | Sentinel agents for anomaly & drift detection on IoT/ERP/TMS streams | Digital twin + simulation agents for cascade prediction and recovery planning | Smart-contract playbooks for rerouting, re-sourcing, and SLA-based compensation | Ledger-anchored KPI telemetry (OTIF, dwell time, recovery time) for audit and learning",Trust & Data Integrity,"['Audit Exceptions', 'Dispute Rate', 'Payment Delay']",IMF/ECB
42,Icelandic Volcanic Ash Cloud,Natural Disaster,Disaster,2010,2010,Europe,Aviation,Logistics,,1700,1,1700,2,Flight cancellations,,,Aviation; Logistics,Cancellations,Throughput,,Flight rerouting; alternative transport,Real-Time Monitoring & Response,Coordination & Collaboration,,,Aviation Resilience,Ash detection sensor networks,IoT,0,1,Local Disruption → Lead-time variability → Safety stock erosion → Expediting/rationing → Service loss,Forecast error spikes | Lead-time variance increase | Service-level dips,"On-chain supplier & lane attestation (quality, ESG, certifications) with real-time oracle feeds | Sentinel agents for anomaly & drift detection on IoT/ERP/TMS streams | Digital twin + simulation agents for cascade prediction and recovery planning | Smart-contract playbooks for rerouting, re-sourcing, and SLA-based compensation | Ledger-anchored KPI telemetry (OTIF, dwell time, recovery time) for audit and learning",Real-Time Monitoring & Response,"['Dwell Time', 'Lead Time', 'OTIF', 'Throughput']",IATA; AlixPartners
43,Deepwater Horizon Oil Spill,Environmental,Oil Spill,2010,2010,US Gulf Coast,Energy,Maritime,Fishing,65,3,21.66666667,3,Environmental damage,fishing industry halt,,Energy; Maritime,Environmental safety,Fishing yields,,Cleanup operations; alternative sourcing,Environmental Resilience,Real-Time Monitoring & Response,,,Environmental Resilience,Environmental monitoring systems,IoT,1,1,Energy Supply Shock → Production derate → Cold-chain risk → Logistics rescheduling → Contract penalties,Cold-chain temp excursions | Fuel price shocks | Grid outage alerts,"Energy price/availability oracles; agents shift production across sites | Demand response contracts & microgrid integration with automated settlement | On-chain supplier & lane attestation (quality, ESG, certifications) with real-time oracle feeds | Sentinel agents for anomaly & drift detection on IoT/ERP/TMS streams | Digital twin + simulation agents for cascade prediction and recovery planning | Smart-contract playbooks for rerouting, re-sourcing, and SLA-based compensation | Ledger-anchored KPI telemetry (OTIF, dwell time, recovery time) for audit and learning",Environmental Resilience,"['OTIF', 'Forecast Error (MAPE)']",EPA reports
44,Fukushima Nuclear Disaster,Environmental,Nuclear Disaster,2011,2011,Japan; Global,Energy,Manufacturing,Agriculture,620,6,103.3333333,4,Energy shortage,food contamination,manufacturing halt,Energy; Manufacturing,Energy supply,Food safety,Production capacity,Alternative energy; safety protocols; supply rerouting,Safety & Compliance,Real-Time Monitoring & Response,,,Safety Resilience,Radiation monitoring networks,IoT,0,0,Local Disruption → Lead-time variability → Safety stock erosion → Expediting/rationing → Service loss,Forecast error spikes | Lead-time variance increase | Service-level dips,"On-chain supplier & lane attestation (quality, ESG, certifications) with real-time oracle feeds | Sentinel agents for anomaly & drift detection on IoT/ERP/TMS streams | Digital twin + simulation agents for cascade prediction and recovery planning | Smart-contract playbooks for rerouting, re-sourcing, and SLA-based compensation | Ledger-anchored KPI telemetry (OTIF, dwell time, recovery time) for audit and learning",Safety & Compliance,"['OTIF', 'Forecast Error (MAPE)']",IAEA reports
45,2011 Tohoku Earthquake & Tsunami,Natural Disaster,Disaster,2011,2011,Japan; Global,Electronics,Automotive,,1850,3,616.6666667,3,Shutdowns,logistics damage,,Manufacturing; Transport,Lead time,Order fulfillment,,Alternate sourcing; regional planning,Supply Chain Transparency,Infrastructure Resilience,,,Operational Continuity,Blockchain supplier networks,Blockchain,1,0,Local Disruption → Lead-time variability → Safety stock erosion → Expediting/rationing → Service loss,Forecast error spikes | Lead-time variance increase | Service-level dips,"On-chain supplier & lane attestation (quality, ESG, certifications) with real-time oracle feeds | Sentinel agents for anomaly & drift detection on IoT/ERP/TMS streams | Digital twin + simulation agents for cascade prediction and recovery planning | Smart-contract playbooks for rerouting, re-sourcing, and SLA-based compensation | Ledger-anchored KPI telemetry (OTIF, dwell time, recovery time) for audit and learning",Supply Chain Transparency,"['Inspection Failures', 'Recall Response Time', 'Traceability Score']",Nature; JSCM
46,2011 Thailand Floods,Natural Disaster,Disaster,2011,2011,Southeast Asia,Electronics,Automotive,,450,6,75,2,Component shortages,cost spikes,,Component Supply,Lead time,Cost per unit,,Risk pooling; dual sourcing,Coordination & Collaboration,Risk Assessment & Prediction,,,Flood Resilience,AI flood forecasting,AI/Agentic AI,0,1,Local Disruption → Lead-time variability → Safety stock erosion → Expediting/rationing → Service loss,Forecast error spikes | Lead-time variance increase | Service-level dips,"On-chain supplier & lane attestation (quality, ESG, certifications) with real-time oracle feeds | Sentinel agents for anomaly & drift detection on IoT/ERP/TMS streams | Digital twin + simulation agents for cascade prediction and recovery planning | Smart-contract playbooks for rerouting, re-sourcing, and SLA-based compensation | Ledger-anchored KPI telemetry (OTIF, dwell time, recovery time) for audit and learning",Coordination & Collaboration,"['Backorder Level', 'Lead Time Variability', 'Order Fill Rate']",World Bank rapid assessment
47,Hurricane Sandy,Natural Disaster,Disaster,2012,2012,US East Coast,Transportation,Utilities,,88.5,1,88.5,5,Power outages,logistics delays,,Energy; Transportation,Uptime,Delivery reliability,,Utility backups; rerouting,Infrastructure Resilience,Real-Time Monitoring & Response,,,Emergency Response,IoT grid monitoring,IoT,0,0,Local Disruption → Lead-time variability → Safety stock erosion → Expediting/rationing → Service loss,Forecast error spikes | Lead-time variance increase | Service-level dips,"On-chain supplier & lane attestation (quality, ESG, certifications) with real-time oracle feeds | Sentinel agents for anomaly & drift detection on IoT/ERP/TMS streams | Digital twin + simulation agents for cascade prediction and recovery planning | Smart-contract playbooks for rerouting, re-sourcing, and SLA-based compensation | Ledger-anchored KPI telemetry (OTIF, dwell time, recovery time) for audit and learning",Infrastructure Resilience,"['Capacity Utilization', 'Equipment Uptime', 'MTTR']",NCEI
48,US West Coast Port Labor Slowdown,Social,Labor Disruption,2015,2015,US West Coast,Transportation,Trade,,140,5,28,3,Port congestion,,,Ports; Warehousing,Transit time,Inventory turnover,,Alternate routing; weekend ops,Coordination & Collaboration,Risk Assessment & Prediction,,,Operational Resilience,AI port scheduling,AI/Agentic AI,1,1,Local Disruption → Lead-time variability → Safety stock erosion → Expediting/rationing → Service loss,Forecast error spikes | Lead-time variance increase | Service-level dips,"On-chain supplier & lane attestation (quality, ESG, certifications) with real-time oracle feeds | Sentinel agents for anomaly & drift detection on IoT/ERP/TMS streams | Digital twin + simulation agents for cascade prediction and recovery planning | Smart-contract playbooks for rerouting, re-sourcing, and SLA-based compensation | Ledger-anchored KPI telemetry (OTIF, dwell time, recovery time) for audit and learning",Coordination & Collaboration,"['Backorder Level', 'Lead Time Variability', 'Order Fill Rate']",Industry studies
49,Cyberattacks on Supply Chains,Technology,Digital Threat,2017,2024,Global,Technology,All Industries,,350,84,4.166666667,3,Downtime,data theft,,IT; Operational Tech,Uptime,Data integrity,Cost,Zero trust; anomaly detection,Trust & Data Integrity,Cybersecurity Resilience,,,Cyber Resilience,AI-driven anomaly detection,AI/Agentic AI,0,1,Local Disruption → Lead-time variability → Safety stock erosion → Expediting/rationing → Service loss,Forecast error spikes | Lead-time variance increase | Service-level dips,"On-chain supplier & lane attestation (quality, ESG, certifications) with real-time oracle feeds | Sentinel agents for anomaly & drift detection on IoT/ERP/TMS streams | Digital twin + simulation agents for cascade prediction and recovery planning | Smart-contract playbooks for rerouting, re-sourcing, and SLA-based compensation | Ledger-anchored KPI telemetry (OTIF, dwell time, recovery time) for audit and learning",Trust & Data Integrity,"['Audit Exceptions', 'Dispute Rate', 'Payment Delay']",Accenture; ENISA
50,NotPetya Cyberattack,Technology,Ransomware Attack,2017,2017,Global,Technology,Logistics,Manufacturing,10,1,10,3,System shutdowns,data loss,,IT; Operational Tech,System uptime,Data integrity,,System recovery; cybersecurity enhancement,Cybersecurity & Resilience,Trust & Data Integrity,,,Cyber Resilience,AI-driven threat detection,AI/Agentic AI,0,1,Cyber–Physical Outage → Multi-site IT/OT downtime → Order processing failure → Logistics hold → Revenue loss,AIS route deviations | Abnormal network telemetry | Customs dwell-time spikes,"Zero-trust architecture; signed telemetry & software bill-of-materials (SBOM) on-chain | Autonomous containment agents (network segmentation, failover orchestration) | Smart contracts to freeze risky counterparties and release after verification | Compliance oracles (sanctions, export control) gating transactions on-chain | Tokenized inventory & capacity auctions among approved partners | Multi-sourcing agent negotiation with on-chain supplier reputation scores | On-chain supplier & lane attestation (quality, ESG, certifications) with real-time oracle feeds | Sentinel agents for anomaly & drift detection on IoT/ERP/TMS streams | Digital twin + simulation agents for cascade prediction and recovery planning | Smart-contract playbooks for rerouting, re-sourcing, and SLA-based compensation | Ledger-anchored KPI telemetry (OTIF, dwell time, recovery time) for audit and learning",Cybersecurity & Resilience,"['OTIF', 'Forecast Error (MAPE)']",Cybersecurity reports
51,Bali Mount Agung Ash Cloud,Natural Disaster,Disaster,2018,2018,Indonesia; Global,Tourism,Logistics,,20,1,20,1,Flight cancellations,,,Aviation; Logistics,Cancellations,Passenger volume,,Flight rerouting; marine transport,Real-Time Monitoring & Response,Coordination & Collaboration,,,Aviation Resilience,Ash detection sensors,AI/Agentic AI,0,1,Local Disruption → Lead-time variability → Safety stock erosion → Expediting/rationing → Service loss,Forecast error spikes | Lead-time variance increase | Service-level dips,"On-chain supplier & lane attestation (quality, ESG, certifications) with real-time oracle feeds | Sentinel agents for anomaly & drift detection on IoT/ERP/TMS streams | Digital twin + simulation agents for cascade prediction and recovery planning | Smart-contract playbooks for rerouting, re-sourcing, and SLA-based compensation | Ledger-anchored KPI telemetry (OTIF, dwell time, recovery time) for audit and learning",Real-Time Monitoring & Response,"['Dwell Time', 'Lead Time', 'OTIF', 'Throughput']",IATA
52,Geopolitical Tensions/Trade Wars,Geopolitical,Trade Conflict,2018,2024,US-China; Global,Manufacturing,Trade,,2100,72,29.16666667,5,Tariffs,supply shifts,,Procurement; Sourcing,Procurement cost,Cycle time,,Friend-shoring; compliance tech,Risk Assessment & Prediction,Supply Chain Transparency,,,Strategic Flexibility,Blockchain compliance,Blockchain,1,0,Route Closure & Regulatory Shock → Lead-time spikes → Allocation rationing → Bullwhip amplification across tiers,Forecast error spikes | Lead-time variance increase | Service-level dips,"Compliance oracles (sanctions, export control) gating transactions on-chain | Tokenized inventory & capacity auctions among approved partners | Multi-sourcing agent negotiation with on-chain supplier reputation scores | On-chain supplier & lane attestation (quality, ESG, certifications) with real-time oracle feeds | Sentinel agents for anomaly & drift detection on IoT/ERP/TMS streams | Digital twin + simulation agents for cascade prediction and recovery planning | Smart-contract playbooks for rerouting, re-sourcing, and SLA-based compensation | Ledger-anchored KPI telemetry (OTIF, dwell time, recovery time) for audit and learning",Risk Assessment & Prediction,"['Forecast Error (MAPE)', 'Safety Stock Level', 'Service Level']",IMF; Brookings
53,COVID-19 Pandemic,Pandemic,Health Crisis,2020,2022,Global,All Industries,,,4000,36,111.1111111,5,Demand shock,labor shortages,,All Nodes,OTIF,Inventory turnover,,Digital transformation; stockpiling,Real-Time Monitoring & Response,Continuous Learning & Adaptation,,,System Agility,Multi-agent response models,AI/Agentic AI,1,1,Labor & Demand Shock (bi-directional) → Factory/port constraints → Forecast error surge → System-wide oscillations,Absenteeism rise | Border restriction alerts | Demand volatility index surges,"Federated learning demand forecasting across partners (privacy-preserving) | Labor capacity agents for shift re-optimization & automation substitution | Smart contracts for adaptive MOQ/lead-time terms under emergency clauses | On-chain supplier & lane attestation (quality, ESG, certifications) with real-time oracle feeds | Sentinel agents for anomaly & drift detection on IoT/ERP/TMS streams | Digital twin + simulation agents for cascade prediction and recovery planning | Smart-contract playbooks for rerouting, re-sourcing, and SLA-based compensation | Ledger-anchored KPI telemetry (OTIF, dwell time, recovery time) for audit and learning",Real-Time Monitoring & Response,"['Dwell Time', 'Lead Time', 'OTIF', 'Throughput']",IMF; World Bank
54,Global Semiconductor Shortage,Technology,Supply Constraint,2020,2021,Global; East Asia,Electronics,Automotive,,210,12,17.5,3,Production backlogs,automotive slowdown,,Manufacturing; Assembly,Lead time,Fill rate,Backlogs,Supplier diversification; fab expansions,Complexity & Interdependence,Capacity Resilience,,,Production Resilience,Digital twin planning,Digital Twin,1,0,Local Disruption → Lead-time variability → Safety stock erosion → Expediting/rationing → Service loss,Forecast error spikes | Lead-time variance increase | Service-level dips,"On-chain supplier & lane attestation (quality, ESG, certifications) with real-time oracle feeds | Sentinel agents for anomaly & drift detection on IoT/ERP/TMS streams | Digital twin + simulation agents for cascade prediction and recovery planning | Smart-contract playbooks for rerouting, re-sourcing, and SLA-based compensation | Ledger-anchored KPI telemetry (OTIF, dwell time, recovery time) for audit and learning",Complexity & Interdependence,"['Bullwhip Index', 'Supply Mix Flexibility', 'Tier Visibility %']",AlixPartners; MotorTrend
55,2021 Suez Canal Blockage (Ever Given),Infrastructure,Blockage,2021,2021,Global via Egypt,Maritime,Global Trade,,57.6,0.2,288,3,Global shipping delays,,,Maritime; Trade,On-time delivery,Freight costs,,Route redundancy; satellite tracking,Risk Assessment & Prediction,Infrastructure Resilience,,,Route Resilience,Real-time maritime tracking,AI/Agentic AI,0,1,Local Disruption → Lead-time variability → Safety stock erosion → Expediting/rationing → Service loss,Forecast error spikes | Lead-time variance increase | Service-level dips,"On-chain supplier & lane attestation (quality, ESG, certifications) with real-time oracle feeds | Sentinel agents for anomaly & drift detection on IoT/ERP/TMS streams | Digital twin + simulation agents for cascade prediction and recovery planning | Smart-contract playbooks for rerouting, re-sourcing, and SLA-based compensation | Ledger-anchored KPI telemetry (OTIF, dwell time, recovery time) for audit and learning",Risk Assessment & Prediction,"['Forecast Error (MAPE)', 'Safety Stock Level', 'Service Level']",Lloyd's List; Forbes
56,Australian Floods-Coal Export Bottleneck,Natural Disaster,Disaster,2022,2022,Australia; Asia,Energy,Trade,,10,2,5,2,Rail flooding,export delays,,Rail; Ports,Throughput,Export volume,,Emergency railworks; stockpiles,Infrastructure Resilience,Coordination & Collaboration,,,Energy Resilience,Automated flood detection sensors,IOT,1,1,Local Disruption → Lead-time variability → Safety stock erosion → Expediting/rationing → Service loss,Forecast error spikes | Lead-time variance increase | Service-level dips,"On-chain supplier & lane attestation (quality, ESG, certifications) with real-time oracle feeds | Sentinel agents for anomaly & drift detection on IoT/ERP/TMS streams | Digital twin + simulation agents for cascade prediction and recovery planning | Smart-contract playbooks for rerouting, re-sourcing, and SLA-based compensation | Ledger-anchored KPI telemetry (OTIF, dwell time, recovery time) for audit and learning",Infrastructure Resilience,"['Capacity Utilization', 'Equipment Uptime', 'MTTR']",Industry reports
57,Ukraine-Russia War,Geopolitical,Conflict,2022,2024,Europe; Global,Energy,Agriculture,Manufacturing,1500,24,62.5,5,Energy shortages,trade rerouting,,Energy; Transportation,Fuel supply,Food security,,Sanctions; reserves,Risk Assessment & Prediction,Supply Chain Transparency,,,Strategic Flexibility,Blockchain energy networks,Blockchain,1,0,Route Closure & Regulatory Shock → Lead-time spikes → Allocation rationing → Bullwhip amplification across tiers,Forecast error spikes | Lead-time variance increase | Service-level dips,"Compliance oracles (sanctions, export control) gating transactions on-chain | Tokenized inventory & capacity auctions among approved partners | Multi-sourcing agent negotiation with on-chain supplier reputation scores | On-chain supplier & lane attestation (quality, ESG, certifications) with real-time oracle feeds | Sentinel agents for anomaly & drift detection on IoT/ERP/TMS streams | Digital twin + simulation agents for cascade prediction and recovery planning | Smart-contract playbooks for rerouting, re-sourcing, and SLA-based compensation | Ledger-anchored KPI telemetry (OTIF, dwell time, recovery time) for audit and learning",Risk Assessment & Prediction,"['Forecast Error (MAPE)', 'Safety Stock Level', 'Service Level']",UN; WHO
58,Canadian Wildfires Air Cargo Disruption,Natural Disaster,Disaster,2023,2023,Canada; Global,Agriculture,E-commerce,,5,1,5,2,Smoke,flight diversions,,Air Cargo; Logistics,Transit time,Throughput,,Route adjustments; warehousing,Real-Time Monitoring & Response,Supply Chain Transparency,,,Operational Continuity,IoT environmental sensors,IoT,1,0,Local Disruption → Lead-time variability → Safety stock erosion → Expediting/rationing → Service loss,Forecast error spikes | Lead-time variance increase | Service-level dips,"On-chain supplier & lane attestation (quality, ESG, certifications) with real-time oracle feeds | Sentinel agents for anomaly & drift detection on IoT/ERP/TMS streams | Digital twin + simulation agents for cascade prediction and recovery planning | Smart-contract playbooks for rerouting, re-sourcing, and SLA-based compensation | Ledger-anchored KPI telemetry (OTIF, dwell time, recovery time) for audit and learning",Real-Time Monitoring & Response,"['Dwell Time', 'Lead Time', 'OTIF', 'Throughput']",Airline reports
59,Red Sea Crisis,Geopolitical,Route Disruption,2023,2024,Global,Maritime,Trade,,650,12,54.16666667,3,Route disruptions,,,Maritime; Logistics,Transit time,Freight rates,,Naval escorts; alt routing,Real-Time Monitoring & Response,Coordination & Collaboration,,,Route Resilience,AI route optimization,AI/Agentic AI,0,1,Route Closure & Regulatory Shock → Lead-time spikes → Allocation rationing → Bullwhip amplification across tiers,Forecast error spikes | Lead-time variance increase | Service-level dips,"Compliance oracles (sanctions, export control) gating transactions on-chain | Tokenized inventory & capacity auctions among approved partners | Multi-sourcing agent negotiation with on-chain supplier reputation scores | On-chain supplier & lane attestation (quality, ESG, certifications) with real-time oracle feeds | Sentinel agents for anomaly & drift detection on IoT/ERP/TMS streams | Digital twin + simulation agents for cascade prediction and recovery planning | Smart-contract playbooks for rerouting, re-sourcing, and SLA-based compensation | Ledger-anchored KPI telemetry (OTIF, dwell time, recovery time) for audit and learning",Real-Time Monitoring & Response,"['Dwell Time', 'Lead Time', 'OTIF', 'Throughput']",Shipping agencies
60,E-commerce Surge & Demand Velocity Shifts,Technology,Demand Velocity Shift,2020,2024,Global,#REF!,,,180,48,3.75,3,#REF!,,Inventory Imbalances,Distribution Centers; Last-Mile Delivery,Order velocity,Fulfillment speed,Inventory turnover,Micro-fulfillment centers; dynamic inventory allocation; AI demand forecasting,Velocity Prediction & Adaptation,Real-Time Inventory Optimization,Complexity & Interdependence,Last-Mile Network Scalability,Velocity Resilience,AI demand velocity prediction; Real-time inventory optimization,AI/Agentic AI,0,1,Local Disruption → Lead-time variability → Safety stock erosion → Expediting/rationing → Service loss,Forecast error spikes | Lead-time variance increase | Service-level dips,"On-chain supplier & lane attestation (quality, ESG, certifications) with real-time oracle feeds | Sentinel agents for anomaly & drift detection on IoT/ERP/TMS streams | Digital twin + simulation agents for cascade prediction and recovery planning | Smart-contract playbooks for rerouting, re-sourcing, and SLA-based compensation | Ledger-anchored KPI telemetry (OTIF, dwell time, recovery time) for audit and learning",Velocity Prediction & Adaptation,['Forecast Error (MAPE)'],McKinsey; Deloitte Consumer Studies
61,Omnichannel Demand Volume Volatility,Social,Volume Volatility,2020,2024,Global,Retail,Manufacturing,Logistics,120,48,2.5,3,Channel inventory mismatch,production planning disruption,supplier bullwhip effect,Manufacturing; Retail Distribution,Demand volume variance,Channel fill rates,Production utilization,Unified inventory pools; flexible manufacturing; demand sensing,Multi-Channel Demand Integration,Volume Forecasting Accuracy,Supply Chain Transparency,Coordination & Collaboration,Volume Resilience,Multi-agent demand sensing; Blockchain inventory sharing,AI/Agentic AI,1,1,Local Disruption → Lead-time variability → Safety stock erosion → Expediting/rationing → Service loss,Forecast error spikes | Lead-time variance increase | Service-level dips,"On-chain supplier & lane attestation (quality, ESG, certifications) with real-time oracle feeds | Sentinel agents for anomaly & drift detection on IoT/ERP/TMS streams | Digital twin + simulation agents for cascade prediction and recovery planning | Smart-contract playbooks for rerouting, re-sourcing, and SLA-based compensation | Ledger-anchored KPI telemetry (OTIF, dwell time, recovery time) for audit and learning",Multi-Channel Demand Integration,"['OTIF', 'Forecast Error (MAPE)']",BCG; Accenture Retail Studies
62,Contactless Commerce Acceleration,Technology,Service Delivery Shift,2020,2023,Global,Retail,Payment Processing,Logistics,85,36,2.36,2,Store closure impact,delivery service expansion,payment system overhaul,Retail Points; Payment Systems; Delivery Networks,Service delivery speed,Payment processing capacity,Customer touchpoint efficiency,Contactless infrastructure; automated delivery; digital payment integration,Service Velocity Adaptation,Infrastructure Resilience,Trust & Data Integrity,Customer Experience Continuity,Service Resilience,IoT contactless systems; Blockchain payment verification,IoT,1,0,Local Disruption → Lead-time variability → Safety stock erosion → Expediting/rationing → Service loss,Forecast error spikes | Lead-time variance increase | Service-level dips,"On-chain supplier & lane attestation (quality, ESG, certifications) with real-time oracle feeds | Sentinel agents for anomaly & drift detection on IoT/ERP/TMS streams | Digital twin + simulation agents for cascade prediction and recovery planning | Smart-contract playbooks for rerouting, re-sourcing, and SLA-based compensation | Ledger-anchored KPI telemetry (OTIF, dwell time, recovery time) for audit and learning",Service Velocity Adaptation,"['OTIF', 'Forecast Error (MAPE)']",PwC Digital Commerce Reports
63,Work-from-Home Supply Chain Reconfiguration,Technology,B2B Demand Shift,2020,2024,Global,IT Equipment,Food Service,Commercial Real Estate,95,48,1.98,3,Commercial demand collapse,residential demand surge,supply chain rebalancing,B2B Distribution; Residential Delivery,B2B order volumes,Residential fulfillment rates,Supply allocation efficiency,B2C channel expansion; residential delivery infrastructure; demand reallocation,Channel Rebalancing,Demand Pattern Recognition,Supply Allocation Optimization,Capacity Resilience,Channel Resilience,AI channel optimization; Digital twin demand modeling,AI/Agentic AI,1,1,Local Disruption → Lead-time variability → Safety stock erosion → Expediting/rationing → Service loss,Forecast error spikes | Lead-time variance increase | Service-level dips,"On-chain supplier & lane attestation (quality, ESG, certifications) with real-time oracle feeds | Sentinel agents for anomaly & drift detection on IoT/ERP/TMS streams | Digital twin + simulation agents for cascade prediction and recovery planning | Smart-contract playbooks for rerouting, re-sourcing, and SLA-based compensation | Ledger-anchored KPI telemetry (OTIF, dwell time, recovery time) for audit and learning",Channel Rebalancing,"['OTIF', 'Forecast Error (MAPE)']",EY Future of Work Studies
64,Health-Conscious Consumer Product Shifts,Social,Product Category Shift,2020,2024,Global,Food & Beverage,Personal Care,Healthcare,75,48,1.56,2,Product mix disruption,supplier portfolio changes,manufacturing line reconfigurations,Manufacturing; Product Development; Sourcing,Product mix optimization,Supplier performance,Time-to-market,Product portfolio diversification; agile manufacturing; supplier network expansion,Product Demand Prediction,Supplier Network Agility,Manufacturing Flexibility,Continuous Learning & Adaptation,Product Resilience,AI product trend analysis; Blockchain supplier verification,AI/Agentic AI,0,1,Single-Point Supplier Failure → Component shortage → Assembly line idle → Order cancellations → Market share loss,Credit risk score fall | Non-conformance spikes | Supplier OTIF drop,"Tier-n visibility graph on-chain; agentic scoring of sole-source risk | Pre-approved alternates & automated qualification via verifiable credentials | Design-for-substitutability playbooks encoded in smart contracts | On-chain supplier & lane attestation (quality, ESG, certifications) with real-time oracle feeds | Sentinel agents for anomaly & drift detection on IoT/ERP/TMS streams | Digital twin + simulation agents for cascade prediction and recovery planning | Smart-contract playbooks for rerouting, re-sourcing, and SLA-based compensation | Ledger-anchored KPI telemetry (OTIF, dwell time, recovery time) for audit and learning",Product Demand Prediction,['Forecast Error (MAPE)'],Nielsen Consumer Studies; Mintel Reports
65,Subscription Economy Demand Patterns,Social,Revenue Model Shift,2020,2024,Global,Consumer Goods,Software,Food Delivery,60,48,1.25,2,Predictable demand creation,inventory optimization challenges,customer lifecycle complexity,Inventory Planning; Customer Fulfillment; Revenue Management,Subscription fulfillment rate,Inventory holding costs,Customer retention rates,Subscription-based inventory planning; predictive analytics; customer lifecycle optimization,Subscription Demand Modeling,Inventory Right-Sizing,Customer Churn Prediction,Economic Impact Optimization,Revenue Model Resilience,AI subscription analytics; Predictive customer modeling,AI/Agentic AI,0,1,Local Disruption → Lead-time variability → Safety stock erosion → Expediting/rationing → Service loss,Forecast error spikes | Lead-time variance increase | Service-level dips,"On-chain supplier & lane attestation (quality, ESG, certifications) with real-time oracle feeds | Sentinel agents for anomaly & drift detection on IoT/ERP/TMS streams | Digital twin + simulation agents for cascade prediction and recovery planning | Smart-contract playbooks for rerouting, re-sourcing, and SLA-based compensation | Ledger-anchored KPI telemetry (OTIF, dwell time, recovery time) for audit and learning",Subscription Demand Modeling,"['OTIF', 'Forecast Error (MAPE)']",Subscription Economy Reports; Zuora Studies
66,Sustainability-Driven Purchase Behavior,Social,Values-Based Consumption,2020,2024,Global,Manufacturing,Retail,Packaging,110,48,2.29,3,Supply chain transparency demands,sustainable sourcing requirements,packaging redesign,Sourcing; Manufacturing; Packaging; Transportation,Carbon footprint,Ethical sourcing compliance,Sustainable packaging adoption,Sustainable sourcing networks; carbon tracking; transparent supply chains,Sustainability Verification,Carbon Footprint Tracking,Ethical Sourcing Validation,Supply Chain Transparency,Sustainability Resilience,Blockchain sustainability tracking; AI carbon optimization,Blockchain,1,1,Local Disruption → Lead-time variability → Safety stock erosion → Expediting/rationing → Service loss,Forecast error spikes | Lead-time variance increase | Service-level dips,"On-chain supplier & lane attestation (quality, ESG, certifications) with real-time oracle feeds | Sentinel agents for anomaly & drift detection on IoT/ERP/TMS streams | Digital twin + simulation agents for cascade prediction and recovery planning | Smart-contract playbooks for rerouting, re-sourcing, and SLA-based compensation | Ledger-anchored KPI telemetry (OTIF, dwell time, recovery time) for audit and learning",Sustainability Verification,"['OTIF', 'Forecast Error (MAPE)']",Deloitte Sustainability Studies; BCG Green Consumer Reports
67,Supply Chain Visibility Expectations,Technology,Transparency Demand,2020,2024,Global,All Industries,Logistics,Technology,90,48,1.875,3,Real-time tracking requirements,data integration complexity,supplier transparency obligations,Information Systems; Supplier Networks; Customer Interface,Visibility accuracy,Data integration time,Customer satisfaction with transparency,End-to-end visibility platforms; supplier data integration; real-time customer updates,Supply Chain Transparency,Data Integration Complexity,Real-Time Monitoring & Response,Trust & Data Integrity,Information Resilience,Blockchain supply chain tracking; AI data integration,Blockchain,1,1,Local Disruption → Lead-time variability → Safety stock erosion → Expediting/rationing → Service loss,Forecast error spikes | Lead-time variance increase | Service-level dips,"On-chain supplier & lane attestation (quality, ESG, certifications) with real-time oracle feeds | Sentinel agents for anomaly & drift detection on IoT/ERP/TMS streams | Digital twin + simulation agents for cascade prediction and recovery planning | Smart-contract playbooks for rerouting, re-sourcing, and SLA-based compensation | Ledger-anchored KPI telemetry (OTIF, dwell time, recovery time) for audit and learning",Supply Chain Transparency,"['Inspection Failures', 'Recall Response Time', 'Traceability Score']",Supply Chain Dive; Gartner Transparency Studies
68,Instant Gratification Economy,Social,Delivery Speed Expectations,2020,2024,Global,E-commerce,Delivery,Logistics,145,48,3.02,3,Same-day delivery pressure,inventory positioning complexity,logistics cost escalation,Last-Mile Delivery; Local Fulfillment; Inventory Positioning,Delivery speed,Cost per delivery,Inventory positioning efficiency,Hyperlocal fulfillment; predictive inventory positioning; autonomous delivery,Velocity Optimization,Real-Time Monitoring & Response,,,Speed Resilience,AI delivery optimization; IoT inventory tracking,AI/Agentic AI,0,1,Local Disruption → Lead-time variability → Safety stock erosion → Expediting/rationing → Service loss,Forecast error spikes | Lead-time variance increase | Service-level dips,"On-chain supplier & lane attestation (quality, ESG, certifications) with real-time oracle feeds | Sentinel agents for anomaly & drift detection on IoT/ERP/TMS streams | Digital twin + simulation agents for cascade prediction and recovery planning | Smart-contract playbooks for rerouting, re-sourcing, and SLA-based compensation | Ledger-anchored KPI telemetry (OTIF, dwell time, recovery time) for audit and learning",Velocity Optimization,"['OTIF', 'Forecast Error (MAPE)']",Amazon Prime Studies; Last-Mile Analytics
